<?xml version="1.0" encoding="UTF-8"?>
<beans xmlns="http://www.springframework.org/schema/beans"
       xmlns:xsi="http://www.w3.org/2001/XMLSchema-instance"
       xsi:schemaLocation="http://www.springframework.org/schema/beans http://www.springframework.org/schema/beans/spring-beans.xsd">
  <bean id="user" class="com.baidu.pojo.User" scope="singleton">
     <property name="name" value="张三"></property>
     <property name="password" value="123"></property>
     <property name="age" value="28"></property>
     <property name="deptment" ref="deptment"></property>
  </bean>
<bean id="deptment" class="com.baidu.pojo.Deptment" scope="singleton">
  <property name="id" value="1"></property>
  <property name="name" value="业务部"></property>

</bean>
  <bean id="user2" class="com.baidu.pojo.User">

  </bean>
</beans>